-- Generado por scripts/generate-seed.mjs — NO editar a mano.

insert into public.categories (slug, name, sort) values
  ('remeras', 'Remeras', 0),
  ('camisas', 'Camisas', 1),
  ('buzos', 'Buzos', 2),
  ('camperas', 'Camperas', 3),
  ('jeans', 'Jeans', 4),
  ('pantalones', 'Pantalones', 5),
  ('joggers', 'Joggers', 6),
  ('sweaters', 'Sweaters', 7),
  ('bermudas', 'Bermudas', 8),
  ('zapatillas', 'Zapatillas', 9),
  ('accesorios', 'Accesorios', 10)
on conflict (slug) do nothing;

insert into public.collections (slug, title, subtitle, image) values
  ('essentials', 'Essentials', 'Las bases del guardarropa. Cortes limpios, tejidos nobles.', 'https://picsum.photos/seed/ixxo-col-essentials/1600/900?grayscale'),
  ('tailoring', 'Tailoring', 'Sastrería contemporánea para el hombre urbano.', 'https://picsum.photos/seed/ixxo-col-tailoring/1600/900?grayscale'),
  ('winter-26', 'Invierno 26', 'Abrigo estructurado en una paleta de grises y negros.', 'https://picsum.photos/seed/ixxo-col-winter-26/1600/900?grayscale')
on conflict (slug) do nothing;

insert into public.products
  (id, slug, name, category_slug, price, compare_at_price, images, colors, sizes, stock, is_new, collection, rating, review_count, description, materials, care)
values
  ('p01', 'remera-oversize-heavyweight', 'Remera Oversize Heavyweight', 'remeras', 32900, null, array['https://picsum.photos/seed/ixxo-p01-a/900/1200?grayscale', 'https://picsum.photos/seed/ixxo-p01-b/900/1200?grayscale']::text[], array['Negro', 'Blanco', 'Gris']::text[], array['XS', 'S', 'M', 'L', 'XL', 'XXL']::text[], 42, true, 'Essentials', 4.5, 12, 'Una prenda esencial de la línea IXXO. Corte cuidado, caída impecable y terminaciones pensadas para durar.', array['100% algodón peinado 240g']::text[], array['Lavar a máquina en frío', 'No usar lavandina', 'Planchar a temperatura media', 'No secar en secadora']::text[]),
  ('p02', 'remera-box-fit-pima', 'Remera Box Fit Pima', 'remeras', 28900, null, array['https://picsum.photos/seed/ixxo-p02-a/900/1200?grayscale', 'https://picsum.photos/seed/ixxo-p02-b/900/1200?grayscale']::text[], array['Blanco', 'Arena', 'Azul']::text[], array['XS', 'S', 'M', 'L', 'XL', 'XXL']::text[], 60, false, 'Essentials', 4.6, 19, 'Una prenda esencial de la línea IXXO. Corte cuidado, caída impecable y terminaciones pensadas para durar.', array['Tejido premium seleccionado']::text[], array['Lavar a máquina en frío', 'No usar lavandina', 'Planchar a temperatura media', 'No secar en secadora']::text[]),
  ('p03', 'remera-manga-larga-rib', 'Remera Manga Larga Rib', 'remeras', 36900, null, array['https://picsum.photos/seed/ixxo-p03-a/900/1200?grayscale', 'https://picsum.photos/seed/ixxo-p03-b/900/1200?grayscale']::text[], array['Negro', 'Gris oscuro']::text[], array['XS', 'S', 'M', 'L', 'XL', 'XXL']::text[], 24, true, null, 4.7, 26, 'Una prenda esencial de la línea IXXO. Corte cuidado, caída impecable y terminaciones pensadas para durar.', array['Tejido premium seleccionado']::text[], array['Lavar a máquina en frío', 'No usar lavandina', 'Planchar a temperatura media', 'No secar en secadora']::text[]),
  ('p04', 'camisa-de-lino-relaxed', 'Camisa de Lino Relaxed', 'camisas', 58900, 74900, array['https://picsum.photos/seed/ixxo-p04-a/900/1200?grayscale', 'https://picsum.photos/seed/ixxo-p04-b/900/1200?grayscale']::text[], array['Blanco', 'Negro', 'Arena']::text[], array['XS', 'S', 'M', 'L', 'XL', 'XXL']::text[], 3, false, 'Essentials', 4.8, 33, 'Una prenda esencial de la línea IXXO. Corte cuidado, caída impecable y terminaciones pensadas para durar.', array['100% lino']::text[], array['Lavar a máquina en frío', 'No usar lavandina', 'Planchar a temperatura media', 'No secar en secadora']::text[]),
  ('p05', 'camisa-overshirt-franela', 'Camisa Overshirt Franela', 'camisas', 69900, null, array['https://picsum.photos/seed/ixxo-p05-a/900/1200?grayscale', 'https://picsum.photos/seed/ixxo-p05-b/900/1200?grayscale']::text[], array['Verde', 'Marrón', 'Gris oscuro']::text[], array['XS', 'S', 'M', 'L', 'XL', 'XXL']::text[], 18, false, 'Winter 26', 4.9, 40, 'Una prenda esencial de la línea IXXO. Corte cuidado, caída impecable y terminaciones pensadas para durar.', array['Tejido premium seleccionado']::text[], array['Lavar a máquina en frío', 'No usar lavandina', 'Planchar a temperatura media', 'No secar en secadora']::text[]),
  ('p06', 'camisa-oxford-slim', 'Camisa Oxford Slim', 'camisas', 52900, null, array['https://picsum.photos/seed/ixxo-p06-a/900/1200?grayscale', 'https://picsum.photos/seed/ixxo-p06-b/900/1200?grayscale']::text[], array['Blanco', 'Azul']::text[], array['XS', 'S', 'M', 'L', 'XL', 'XXL']::text[], 30, false, null, 4.5, 47, 'Una prenda esencial de la línea IXXO. Corte cuidado, caída impecable y terminaciones pensadas para durar.', array['Tejido premium seleccionado']::text[], array['Lavar a máquina en frío', 'No usar lavandina', 'Planchar a temperatura media', 'No secar en secadora']::text[]),
  ('p07', 'hoodie-brushed-fleece', 'Hoodie Brushed Fleece', 'buzos', 64900, 84900, array['https://picsum.photos/seed/ixxo-p07-a/900/1200?grayscale', 'https://picsum.photos/seed/ixxo-p07-b/900/1200?grayscale']::text[], array['Gris', 'Negro', 'Blanco']::text[], array['XS', 'S', 'M', 'L', 'XL', 'XXL']::text[], 55, false, 'Essentials', 4.6, 54, 'Una prenda esencial de la línea IXXO. Corte cuidado, caída impecable y terminaciones pensadas para durar.', array['Algodón/poliéster 400g brushed']::text[], array['Lavar a máquina en frío', 'No usar lavandina', 'Planchar a temperatura media', 'No secar en secadora']::text[]),
  ('p08', 'buzo-crewneck-boxy', 'Buzo Crewneck Boxy', 'buzos', 59900, null, array['https://picsum.photos/seed/ixxo-p08-a/900/1200?grayscale', 'https://picsum.photos/seed/ixxo-p08-b/900/1200?grayscale']::text[], array['Arena', 'Negro', 'Verde']::text[], array['XS', 'S', 'M', 'L', 'XL', 'XXL']::text[], 22, true, null, 4.7, 61, 'Una prenda esencial de la línea IXXO. Corte cuidado, caída impecable y terminaciones pensadas para durar.', array['Tejido premium seleccionado']::text[], array['Lavar a máquina en frío', 'No usar lavandina', 'Planchar a temperatura media', 'No secar en secadora']::text[]),
  ('p09', 'campera-bomber-tech', 'Campera Bomber Tech', 'camperas', 129900, null, array['https://picsum.photos/seed/ixxo-p09-a/900/1200?grayscale', 'https://picsum.photos/seed/ixxo-p09-b/900/1200?grayscale']::text[], array['Negro', 'Gris oscuro']::text[], array['XS', 'S', 'M', 'L', 'XL', 'XXL']::text[], 17, true, 'Winter 26', 4.8, 68, 'Una prenda esencial de la línea IXXO. Corte cuidado, caída impecable y terminaciones pensadas para durar.', array['Nylon técnico impermeable', 'Forro acolchado']::text[], array['Lavar a máquina en frío', 'No usar lavandina', 'Planchar a temperatura media', 'No secar en secadora']::text[]),
  ('p10', 'parka-acolchada-larga', 'Parka Acolchada Larga', 'camperas', 189900, 219900, array['https://picsum.photos/seed/ixxo-p10-a/900/1200?grayscale', 'https://picsum.photos/seed/ixxo-p10-b/900/1200?grayscale']::text[], array['Negro', 'Verde']::text[], array['XS', 'S', 'M', 'L', 'XL', 'XXL']::text[], 8, false, 'Winter 26', 4.9, 75, 'Una prenda esencial de la línea IXXO. Corte cuidado, caída impecable y terminaciones pensadas para durar.', array['Tejido premium seleccionado']::text[], array['Lavar a máquina en frío', 'No usar lavandina', 'Planchar a temperatura media', 'No secar en secadora']::text[]),
  ('p11', 'campera-de-cuero-minimal', 'Campera de Cuero Minimal', 'camperas', 249900, null, array['https://picsum.photos/seed/ixxo-p11-a/900/1200?grayscale', 'https://picsum.photos/seed/ixxo-p11-b/900/1200?grayscale']::text[], array['Negro', 'Marrón']::text[], array['XS', 'S', 'M', 'L', 'XL', 'XXL']::text[], 5, false, 'Tailoring', 4.5, 82, 'Una prenda esencial de la línea IXXO. Corte cuidado, caída impecable y terminaciones pensadas para durar.', array['Cuero vacuno full grain']::text[], array['Lavar a máquina en frío', 'No usar lavandina', 'Planchar a temperatura media', 'No secar en secadora']::text[]),
  ('p12', 'jean-slim-raw-selvedge', 'Jean Slim Raw Selvedge', 'jeans', 74900, null, array['https://picsum.photos/seed/ixxo-p12-a/900/1200?grayscale', 'https://picsum.photos/seed/ixxo-p12-b/900/1200?grayscale']::text[], array['Gris oscuro', 'Azul']::text[], array['28', '30', '32', '34', '36']::text[], 28, false, 'Essentials', 4.6, 89, 'Una prenda esencial de la línea IXXO. Corte cuidado, caída impecable y terminaciones pensadas para durar.', array['Denim selvedge 13.5oz']::text[], array['Lavar a máquina en frío', 'No usar lavandina', 'Planchar a temperatura media', 'No secar en secadora']::text[]),
  ('p13', 'jean-straight-washed', 'Jean Straight Washed', 'jeans', 69900, 89900, array['https://picsum.photos/seed/ixxo-p13-a/900/1200?grayscale', 'https://picsum.photos/seed/ixxo-p13-b/900/1200?grayscale']::text[], array['Azul', 'Negro']::text[], array['28', '30', '32', '34', '36']::text[], 34, false, null, 4.7, 96, 'Una prenda esencial de la línea IXXO. Corte cuidado, caída impecable y terminaciones pensadas para durar.', array['Tejido premium seleccionado']::text[], array['Lavar a máquina en frío', 'No usar lavandina', 'Planchar a temperatura media', 'No secar en secadora']::text[]),
  ('p14', 'pantalon-sastrero-pleated', 'Pantalón Sastrero Pleated', 'pantalones', 79900, null, array['https://picsum.photos/seed/ixxo-p14-a/900/1200?grayscale', 'https://picsum.photos/seed/ixxo-p14-b/900/1200?grayscale']::text[], array['Negro', 'Gris oscuro', 'Arena']::text[], array['28', '30', '32', '34', '36']::text[], 19, false, 'Tailoring', 4.8, 103, 'Una prenda esencial de la línea IXXO. Corte cuidado, caída impecable y terminaciones pensadas para durar.', array['Lana fría stretch']::text[], array['Lavar a máquina en frío', 'No usar lavandina', 'Planchar a temperatura media', 'No secar en secadora']::text[]),
  ('p15', 'pantalon-chino-tapered', 'Pantalón Chino Tapered', 'pantalones', 62900, null, array['https://picsum.photos/seed/ixxo-p15-a/900/1200?grayscale', 'https://picsum.photos/seed/ixxo-p15-b/900/1200?grayscale']::text[], array['Arena', 'Verde', 'Negro']::text[], array['28', '30', '32', '34', '36']::text[], 40, false, null, 4.9, 110, 'Una prenda esencial de la línea IXXO. Corte cuidado, caída impecable y terminaciones pensadas para durar.', array['Tejido premium seleccionado']::text[], array['Lavar a máquina en frío', 'No usar lavandina', 'Planchar a temperatura media', 'No secar en secadora']::text[]),
  ('p16', 'jogger-tech-conico', 'Jogger Tech Cónico', 'joggers', 57900, null, array['https://picsum.photos/seed/ixxo-p16-a/900/1200?grayscale', 'https://picsum.photos/seed/ixxo-p16-b/900/1200?grayscale']::text[], array['Negro', 'Gris']::text[], array['28', '30', '32', '34', '36']::text[], 33, true, null, 4.5, 117, 'Una prenda esencial de la línea IXXO. Corte cuidado, caída impecable y terminaciones pensadas para durar.', array['Tejido premium seleccionado']::text[], array['Lavar a máquina en frío', 'No usar lavandina', 'Planchar a temperatura media', 'No secar en secadora']::text[]),
  ('p17', 'sweater-lana-merino', 'Sweater Lana Merino', 'sweaters', 89900, null, array['https://picsum.photos/seed/ixxo-p17-a/900/1200?grayscale', 'https://picsum.photos/seed/ixxo-p17-b/900/1200?grayscale']::text[], array['Gris oscuro', 'Camel', 'Negro']::text[], array['XS', 'S', 'M', 'L', 'XL', 'XXL']::text[], 2, true, 'Tailoring', 4.6, 124, 'Una prenda esencial de la línea IXXO. Corte cuidado, caída impecable y terminaciones pensadas para durar.', array['100% lana merino']::text[], array['Lavar a máquina en frío', 'No usar lavandina', 'Planchar a temperatura media', 'No secar en secadora']::text[]),
  ('p18', 'sweater-half-zip-cable', 'Sweater Half-Zip Cable', 'sweaters', 84900, null, array['https://picsum.photos/seed/ixxo-p18-a/900/1200?grayscale', 'https://picsum.photos/seed/ixxo-p18-b/900/1200?grayscale']::text[], array['Arena', 'Verde']::text[], array['XS', 'S', 'M', 'L', 'XL', 'XXL']::text[], 14, false, 'Winter 26', 4.7, 131, 'Una prenda esencial de la línea IXXO. Corte cuidado, caída impecable y terminaciones pensadas para durar.', array['Tejido premium seleccionado']::text[], array['Lavar a máquina en frío', 'No usar lavandina', 'Planchar a temperatura media', 'No secar en secadora']::text[]),
  ('p19', 'cardigan-punto-grueso', 'Cardigan Punto Grueso', 'sweaters', 96900, 119900, array['https://picsum.photos/seed/ixxo-p19-a/900/1200?grayscale', 'https://picsum.photos/seed/ixxo-p19-b/900/1200?grayscale']::text[], array['Marrón', 'Gris']::text[], array['XS', 'S', 'M', 'L', 'XL', 'XXL']::text[], 9, false, null, 4.8, 18, 'Una prenda esencial de la línea IXXO. Corte cuidado, caída impecable y terminaciones pensadas para durar.', array['Tejido premium seleccionado']::text[], array['Lavar a máquina en frío', 'No usar lavandina', 'Planchar a temperatura media', 'No secar en secadora']::text[]),
  ('p20', 'bermuda-cargo-ripstop', 'Bermuda Cargo Ripstop', 'bermudas', 46900, null, array['https://picsum.photos/seed/ixxo-p20-a/900/1200?grayscale', 'https://picsum.photos/seed/ixxo-p20-b/900/1200?grayscale']::text[], array['Arena', 'Verde', 'Negro']::text[], array['28', '30', '32', '34', '36']::text[], 26, false, null, 4.9, 25, 'Una prenda esencial de la línea IXXO. Corte cuidado, caída impecable y terminaciones pensadas para durar.', array['Tejido premium seleccionado']::text[], array['Lavar a máquina en frío', 'No usar lavandina', 'Planchar a temperatura media', 'No secar en secadora']::text[]),
  ('p21', 'zapatillas-leather-minimal', 'Zapatillas Leather Minimal', 'zapatillas', 119900, 149900, array['https://picsum.photos/seed/ixxo-p21-a/900/1200?grayscale', 'https://picsum.photos/seed/ixxo-p21-b/900/1200?grayscale']::text[], array['Blanco', 'Negro']::text[], array['39', '40', '41', '42', '43', '44']::text[], 11, false, 'Essentials', 4.5, 32, 'Una prenda esencial de la línea IXXO. Corte cuidado, caída impecable y terminaciones pensadas para durar.', array['Cuero premium', 'Suela de goma']::text[], array['Lavar a máquina en frío', 'No usar lavandina', 'Planchar a temperatura media', 'No secar en secadora']::text[]),
  ('p22', 'zapatillas-runner-knit', 'Zapatillas Runner Knit', 'zapatillas', 109900, null, array['https://picsum.photos/seed/ixxo-p22-a/900/1200?grayscale', 'https://picsum.photos/seed/ixxo-p22-b/900/1200?grayscale']::text[], array['Negro', 'Gris']::text[], array['39', '40', '41', '42', '43', '44']::text[], 20, true, null, 4.6, 39, 'Una prenda esencial de la línea IXXO. Corte cuidado, caída impecable y terminaciones pensadas para durar.', array['Tejido premium seleccionado']::text[], array['Lavar a máquina en frío', 'No usar lavandina', 'Planchar a temperatura media', 'No secar en secadora']::text[]),
  ('p23', 'gorra-structured-wool', 'Gorra Structured Wool', 'accesorios', 24900, null, array['https://picsum.photos/seed/ixxo-p23-a/900/1200?grayscale', 'https://picsum.photos/seed/ixxo-p23-b/900/1200?grayscale']::text[], array['Negro', 'Camel', 'Gris oscuro']::text[], array['Único']::text[], 50, false, null, 4.7, 46, 'Una prenda esencial de la línea IXXO. Corte cuidado, caída impecable y terminaciones pensadas para durar.', array['Tejido premium seleccionado']::text[], array['Lavar a máquina en frío', 'No usar lavandina', 'Planchar a temperatura media', 'No secar en secadora']::text[]),
  ('p24', 'cinturon-cuero-italiano', 'Cinturón Cuero Italiano', 'accesorios', 34900, null, array['https://picsum.photos/seed/ixxo-p24-a/900/1200?grayscale', 'https://picsum.photos/seed/ixxo-p24-b/900/1200?grayscale']::text[], array['Negro', 'Marrón']::text[], array['Único']::text[], 38, false, 'Tailoring', 4.8, 53, 'Una prenda esencial de la línea IXXO. Corte cuidado, caída impecable y terminaciones pensadas para durar.', array['Cuero italiano', 'Hebilla mate']::text[], array['Lavar a máquina en frío', 'No usar lavandina', 'Planchar a temperatura media', 'No secar en secadora']::text[])
on conflict (id) do nothing;
